{
  "name": "highlightjs",
  "version": "8.7.0",
  "main": [
    "highlight.pack.js",
    "styles/default.css"
  ],
  "ignore": [
    "**/.*",
    "node_modules",
    "vendor",
    "components"
  ],
  "homepage": "https://github.com/components/highlightjs",
  "_release": "8.7.0",
  "_resolution": {
    "type": "version",
    "tag": "8.7.0",
    "commit": "71636b69413d8deb32766091b969bc0a21085d8a"
  },
  "_source": "git://github.com/components/highlightjs.git",
  "_target": "~8.7.0",
  "_originalSource": "highlightjs"
}