{
  "name": "flexslider",
  "version": "2.5.0",
  "homepage": "https://github.com/woothemes/FlexSlider",
  "authors": [
    "WooThemes <jeff@woothemes.com>"
  ],
  "description": "An awesome, fully responsive jQuery slider toolkit.",
  "main": [
    "jquery.flexslider.js",
    "flexslider.css"
  ],
  "keywords": [
    "flexslider",
    "jquery",
    "slider",
    "woothemes",
    "automattic"
  ],
  "license": "GPLv2 and later",
  "ignore": [
    "**/.*",
    "node_modules",
    "bower_components",
    "test",
    "tests"
  ],
  "dependencies": {
    "jquery": ">=1.11.3"
  },
  "_release": "2.5.0",
  "_resolution": {
    "type": "version",
    "tag": "2.5.0",
    "commit": "83b3cae17e316e2b90c281137c75e39c740863b9"
  },
  "_source": "git://github.com/woothemes/FlexSlider.git",
  "_target": "~2.5.0",
  "_originalSource": "flexslider"
}