{
  "name": "bootstrap-select",
  "main": [
    "less/bootstrap-select.less",
    "dist/css/bootstrap-select.css",
    "dist/js/bootstrap-select.js"
  ],
  "homepage": "http://silviomoreto.github.io/bootstrap-select",
  "authors": [
    "silviomoreto"
  ],
  "keywords": [
    "form",
    "bootstrap",
    "select",
    "replacement"
  ],
  "dependencies": {
    "jquery": ">=1.8"
  },
  "license": "MIT",
  "ignore": [
    ".gitignore",
    "CONTRIBUTING.md",
    "Gruntfile.js",
    "README.md",
    "composer.json",
    "package.json",
    "test.html"
  ],
  "version": "1.7.7",
  "_release": "1.7.7",
  "_resolution": {
    "type": "version",
    "tag": "v1.7.7",
    "commit": "8c961c506638b370a80faf0d237a42ef7c09904c"
  },
  "_source": "git://github.com/silviomoreto/bootstrap-select.git",
  "_target": "~1.7.2",
  "_originalSource": "bootstrap-select"
}