{
  "name": "bxslider-4",
  "version": "4.2.5",
  "homepage": "http://bxslider.com",
  "license": "MIT",
  "main": [
    "dist/jquery.bxslider.js",
    "dist/jquery.bxslider.css",
    "dist/images/bx_loader.gif",
    "dist/images/controls.png"
  ],
  "ignore": [
    "docs_src/*",
    "docs/*"
  ],
  "keywords": [
    "bxslider",
    "javascript",
    "jquery",
    "library"
  ],
  "dependencies": {
    "jquery": ">= 1.8.3"
  },
  "devDependencies": {
    "bootstrap": ">= 3.3.2",
    "highlightjs": "~8.4.0"
  },
  "_release": "4.2.5",
  "_resolution": {
    "type": "version",
    "tag": "v4.2.5",
    "commit": "4f8b761e7b09ca875d6032ab6d131dc7d7efbdb7"
  },
  "_source": "git://github.com/wandoledzep/bxslider-4.git",
  "_target": "~4.2.5",
  "_originalSource": "bxslider-4"
}