{
  "name": "classie",
  "main": "classie.js",
  "version": "1.0.1",
  "homepage": "https://github.com/desandro/classie",
  "authors": [
    "David DeSandro"
  ],
  "description": "class helper",
  "moduleType": [
    "amd",
    "globals",
    "node"
  ],
  "keywords": [
    "class"
  ],
  "license": "MIT",
  "ignore": [
    "**/.*",
    "node_modules",
    "bower_components",
    "test",
    "tests",
    "component.json"
  ],
  "_release": "1.0.1",
  "_resolution": {
    "type": "version",
    "tag": "v1.0.1",
    "commit": "2bd6dd1c02d45924dee7e6c283df9668d2276322"
  },
  "_source": "git://github.com/desandro/classie.git",
  "_target": "1.x",
  "_originalSource": "classie"
}