{
  "name": "bootstrap-datepicker",
  "version": "1.4.1",
  "main": [
    "dist/css/bootstrap-datepicker.css",
    "dist/css/bootstrap-datepicker3.css",
    "js/bootstrap-datepicker.js"
  ],
  "license": "Apache-2.0",
  "dependencies": {
    "jquery": ">=1.7.1",
    "bootstrap": ">=2.0.4 <4.0"
  },
  "ignore": [],
  "homepage": "https://github.com/eternicode/bootstrap-datepicker",
  "_release": "1.4.1",
  "_resolution": {
    "type": "version",
    "tag": "v1.4.1",
    "commit": "7ea7cf35191c812c8614bf9c561e9cbcd31fe80c"
  },
  "_source": "git://github.com/eternicode/bootstrap-datepicker.git",
  "_target": "~1.4.0",
  "_originalSource": "bootstrap-datepicker"
}